{
  "condition": "minecraft:any_of",
  "terms": [
    {
      "condition": "minecraft:location_check",
      "predicate": {
        "block": {
          "tag": "minecraft:wart_blocks"
        }
      }
    },
    {
      "condition": "minecraft:location_check",
      "predicate": {
        "block": {
          "blocks": ["minecraft:shroomlight"]
        }
      }
    },
    {
      "condition": "minecraft:location_check",
      "predicate": {
        "block": {
          "blocks": ["minecraft:brown_mushroom_block"]
        }
      }
    },
    {
      "condition": "minecraft:location_check",
      "predicate": {
        "block": {
          "blocks": ["minecraft:red_mushroom_block"]
        }
      }
    }
  ]
}